{"cameraMode":{"drawMode":0,"name":"Shaded","section":"Shading Mode"},"sceneLighting":false,"audioPlay":false,"sceneViewState":{"m_AlwaysRefresh":false,"showFog":true,"showSkybox":true,"showFlares":true,"showImageEffects":true,"showParticleSystems":true,"showVisualEffectGraphs":true,"m_FxEnabled":true},"in2DMode":false,"pivot":{"x":-15.55797290802002,"y":17.310510635375978,"z":-58.962284088134769},"rotation":{"x":0.05678170546889305,"y":-0.1910480260848999,"z":0.011229148134589196,"w":0.980048418045044},"size":3.5121543407440187,"orthographic":false}